date,daily-stars,total-stars
06-06-2014,0,0
07-06-2014,0,0
08-06-2014,0,0
09-06-2014,317,317
10-06-2014,442,759
11-06-2014,158,917
12-06-2014,96,1013
13-06-2014,31,1044
14-06-2014,37,1081
15-06-2014,79,1160
16-06-2014,63,1223
17-06-2014,55,1278
18-06-2014,34,1312
19-06-2014,26,1338
20-06-2014,12,1350
21-06-2014,10,1360
22-06-2014,18,1378
23-06-2014,10,1388
24-06-2014,10,1398
25-06-2014,19,1417
26-06-2014,19,1436
27-06-2014,7,1443
28-06-2014,8,1451
29-06-2014,12,1463
30-06-2014,16,1479
01-07-2014,23,1502
02-07-2014,9,1511
03-07-2014,12,1523
04-07-2014,1,1524
05-07-2014,6,1530
06-07-2014,9,1539
07-07-2014,13,1552
08-07-2014,12,1564
09-07-2014,165,1729
10-07-2014,248,1977
11-07-2014,59,2036
12-07-2014,33,2069
13-07-2014,47,2116
14-07-2014,43,2159
15-07-2014,27,2186
16-07-2014,28,2214
17-07-2014,28,2242
18-07-2014,13,2255
19-07-2014,19,2274
20-07-2014,23,2297
21-07-2014,17,2314
22-07-2014,28,2342
23-07-2014,29,2371
24-07-2014,21,2392
25-07-2014,4,2396
26-07-2014,8,2404
27-07-2014,18,2422
28-07-2014,16,2438
29-07-2014,26,2464
30-07-2014,35,2499
31-07-2014,14,2513
01-08-2014,10,2523
02-08-2014,7,2530
03-08-2014,9,2539
04-08-2014,16,2555
05-08-2014,11,2566
06-08-2014,8,2574
07-08-2014,11,2585
08-08-2014,5,2590
09-08-2014,5,2595
10-08-2014,11,2606
11-08-2014,12,2618
12-08-2014,12,2630
13-08-2014,12,2642
14-08-2014,12,2654
15-08-2014,7,2661
16-08-2014,12,2673
17-08-2014,20,2693
18-08-2014,33,2726
19-08-2014,27,2753
20-08-2014,11,2764
21-08-2014,15,2779
22-08-2014,4,2783
23-08-2014,6,2789
24-08-2014,26,2815
25-08-2014,20,2835
26-08-2014,20,2855
27-08-2014,19,2874
28-08-2014,22,2896
29-08-2014,16,2912
30-08-2014,8,2920
31-08-2014,16,2936
01-09-2014,18,2954
02-09-2014,19,2973
03-09-2014,15,2988
04-09-2014,19,3007
05-09-2014,5,3012
06-09-2014,3,3015
07-09-2014,12,3027
08-09-2014,21,3048
09-09-2014,13,3061
10-09-2014,19,3080
11-09-2014,8,3088
12-09-2014,6,3094
13-09-2014,12,3106
14-09-2014,16,3122
15-09-2014,14,3136
16-09-2014,14,3150
17-09-2014,12,3162
18-09-2014,26,3188
19-09-2014,14,3202
20-09-2014,9,3211
21-09-2014,13,3224
22-09-2014,14,3238
23-09-2014,24,3262
24-09-2014,16,3278
25-09-2014,13,3291
26-09-2014,10,3301
27-09-2014,5,3306
28-09-2014,15,3321
29-09-2014,20,3341
30-09-2014,12,3353
01-10-2014,15,3368
02-10-2014,7,3375
03-10-2014,6,3381
04-10-2014,6,3387
05-10-2014,13,3400
06-10-2014,18,3418
07-10-2014,18,3436
08-10-2014,10,3446
09-10-2014,14,3460
10-10-2014,8,3468
11-10-2014,9,3477
12-10-2014,9,3486
13-10-2014,10,3496
14-10-2014,16,3512
15-10-2014,15,3527
16-10-2014,12,3539
17-10-2014,9,3548
18-10-2014,8,3556
19-10-2014,12,3568
20-10-2014,14,3582
21-10-2014,15,3597
22-10-2014,19,3616
23-10-2014,12,3628
24-10-2014,8,3636
25-10-2014,9,3645
26-10-2014,15,3660
27-10-2014,12,3672
28-10-2014,13,3685
29-10-2014,25,3710
30-10-2014,14,3724
31-10-2014,10,3734
01-11-2014,10,3744
02-11-2014,15,3759
03-11-2014,58,3817
04-11-2014,70,3887
05-11-2014,27,3914
06-11-2014,31,3945
07-11-2014,9,3954
08-11-2014,17,3971
09-11-2014,27,3998
10-11-2014,61,4059
11-11-2014,53,4112
12-11-2014,54,4166
13-11-2014,26,4192
14-11-2014,21,4213
15-11-2014,14,4227
16-11-2014,25,4252
17-11-2014,21,4273
18-11-2014,20,4293
19-11-2014,32,4325
20-11-2014,20,4345
21-11-2014,18,4363
22-11-2014,16,4379
23-11-2014,20,4399
24-11-2014,15,4414
25-11-2014,18,4432
26-11-2014,32,4464
27-11-2014,32,4496
28-11-2014,11,4507
29-11-2014,22,4529
30-11-2014,16,4545
01-12-2014,23,4568
02-12-2014,22,4590
03-12-2014,46,4636
04-12-2014,23,4659
05-12-2014,17,4676
06-12-2014,10,4686
07-12-2014,11,4697
08-12-2014,20,4717
09-12-2014,17,4734
10-12-2014,19,4753
11-12-2014,14,4767
12-12-2014,13,4780
13-12-2014,14,4794
14-12-2014,14,4808
15-12-2014,19,4827
16-12-2014,18,4845
17-12-2014,10,4855
18-12-2014,11,4866
19-12-2014,11,4877
20-12-2014,9,4886
21-12-2014,9,4895
22-12-2014,14,4909
23-12-2014,5,4914
24-12-2014,7,4921
25-12-2014,8,4929
26-12-2014,6,4935
27-12-2014,6,4941
28-12-2014,10,4951
29-12-2014,10,4961
30-12-2014,6,4967
31-12-2014,7,4974
01-01-2015,8,4982
02-01-2015,9,4991
03-01-2015,11,5002
04-01-2015,14,5016
05-01-2015,9,5025
06-01-2015,13,5038
07-01-2015,12,5050
08-01-2015,14,5064
09-01-2015,6,5070
10-01-2015,6,5076
11-01-2015,11,5087
12-01-2015,12,5099
13-01-2015,16,5115
14-01-2015,17,5132
15-01-2015,12,5144
16-01-2015,6,5150
17-01-2015,10,5160
18-01-2015,13,5173
19-01-2015,14,5187
20-01-2015,13,5200
21-01-2015,15,5215
22-01-2015,12,5227
23-01-2015,8,5235
24-01-2015,11,5246
25-01-2015,7,5253
26-01-2015,16,5269
27-01-2015,14,5283
28-01-2015,19,5302
29-01-2015,17,5319
30-01-2015,7,5326
31-01-2015,13,5339
01-02-2015,25,5364
02-02-2015,14,5378
03-02-2015,20,5398
04-02-2015,15,5413
05-02-2015,14,5427
06-02-2015,13,5440
07-02-2015,4,5444
08-02-2015,12,5456
09-02-2015,22,5478
10-02-2015,13,5491
11-02-2015,12,5503
12-02-2015,15,5518
13-02-2015,8,5526
14-02-2015,9,5535
15-02-2015,21,5556
16-02-2015,10,5566
17-02-2015,10,5576
18-02-2015,10,5586
19-02-2015,3,5589
20-02-2015,7,5596
21-02-2015,9,5605
22-02-2015,7,5612
23-02-2015,11,5623
24-02-2015,19,5642
25-02-2015,15,5657
26-02-2015,17,5674
27-02-2015,9,5683
28-02-2015,6,5689
01-03-2015,6,5695
02-03-2015,23,5718
03-03-2015,19,5737
04-03-2015,11,5748
05-03-2015,13,5761
06-03-2015,10,5771
07-03-2015,8,5779
08-03-2015,12,5791
09-03-2015,16,5807
10-03-2015,11,5818
11-03-2015,14,5832
12-03-2015,18,5850
13-03-2015,5,5855
14-03-2015,11,5866
15-03-2015,13,5879
16-03-2015,18,5897
17-03-2015,19,5916
18-03-2015,14,5930
19-03-2015,12,5942
20-03-2015,13,5955
21-03-2015,5,5960
22-03-2015,11,5971
23-03-2015,16,5987
24-03-2015,15,6002
25-03-2015,15,6017
26-03-2015,16,6033
27-03-2015,7,6040
28-03-2015,8,6048
29-03-2015,15,6063
30-03-2015,16,6079
31-03-2015,20,6099
01-04-2015,18,6117
02-04-2015,14,6131
03-04-2015,7,6138
04-04-2015,9,6147
05-04-2015,33,6180
06-04-2015,33,6213
07-04-2015,21,6234
08-04-2015,19,6253
09-04-2015,16,6269
10-04-2015,8,6277
11-04-2015,10,6287
12-04-2015,18,6305
13-04-2015,18,6323
14-04-2015,20,6343
15-04-2015,22,6365
16-04-2015,24,6389
17-04-2015,16,6405
18-04-2015,23,6428
19-04-2015,17,6445
20-04-2015,27,6472
21-04-2015,14,6486
22-04-2015,25,6511
23-04-2015,37,6548
24-04-2015,13,6561
25-04-2015,8,6569
26-04-2015,13,6582
27-04-2015,17,6599
28-04-2015,12,6611
29-04-2015,13,6624
30-04-2015,16,6640
01-05-2015,7,6647
02-05-2015,3,6650
03-05-2015,8,6658
04-05-2015,22,6680
05-05-2015,25,6705
06-05-2015,19,6724
07-05-2015,16,6740
08-05-2015,9,6749
09-05-2015,10,6759
10-05-2015,9,6768
11-05-2015,18,6786
12-05-2015,19,6805
13-05-2015,19,6824
14-05-2015,16,6840
15-05-2015,8,6848
16-05-2015,9,6857
17-05-2015,22,6879
18-05-2015,64,6943
19-05-2015,30,6973
20-05-2015,34,7007
21-05-2015,25,7032
22-05-2015,6,7038
23-05-2015,6,7044
24-05-2015,17,7061
25-05-2015,11,7072
26-05-2015,12,7084
27-05-2015,25,7109
28-05-2015,18,7127
29-05-2015,5,7132
30-05-2015,8,7140
31-05-2015,12,7152
01-06-2015,19,7171
02-06-2015,39,7210
03-06-2015,33,7243
04-06-2015,24,7267
05-06-2015,6,7273
06-06-2015,10,7283
07-06-2015,18,7301
08-06-2015,19,7320
09-06-2015,33,7353
10-06-2015,61,7414
11-06-2015,48,7462
12-06-2015,22,7484
13-06-2015,16,7500
14-06-2015,30,7530
15-06-2015,23,7553
16-06-2015,16,7569
17-06-2015,20,7589
18-06-2015,17,7606
19-06-2015,9,7615
20-06-2015,9,7624
21-06-2015,13,7637
22-06-2015,18,7655
23-06-2015,14,7669
24-06-2015,25,7694
25-06-2015,11,7705
26-06-2015,10,7715
27-06-2015,6,7721
28-06-2015,16,7737
29-06-2015,16,7753
30-06-2015,16,7769
01-07-2015,20,7789
02-07-2015,10,7799
03-07-2015,8,7807
04-07-2015,4,7811
05-07-2015,11,7822
06-07-2015,14,7836
07-07-2015,17,7853
08-07-2015,20,7873
09-07-2015,18,7891
10-07-2015,15,7906
11-07-2015,17,7923
12-07-2015,26,7949
13-07-2015,19,7968
14-07-2015,15,7983
15-07-2015,22,8005
16-07-2015,13,8018
17-07-2015,9,8027
18-07-2015,13,8040
19-07-2015,19,8059
20-07-2015,104,8163
21-07-2015,74,8237
22-07-2015,52,8289
23-07-2015,32,8321
24-07-2015,24,8345
25-07-2015,16,8361
26-07-2015,32,8393
27-07-2015,31,8424
28-07-2015,21,8445
29-07-2015,21,8466
30-07-2015,13,8479
31-07-2015,11,8490
01-08-2015,7,8497
02-08-2015,15,8512
03-08-2015,10,8522
04-08-2015,17,8539
05-08-2015,20,8559
06-08-2015,12,8571
07-08-2015,11,8582
08-08-2015,8,8590
09-08-2015,20,8610
10-08-2015,21,8631
11-08-2015,33,8664
12-08-2015,17,8681
13-08-2015,13,8694
14-08-2015,4,8698
15-08-2015,9,8707
16-08-2015,17,8724
17-08-2015,20,8744
18-08-2015,25,8769
19-08-2015,19,8788
20-08-2015,17,8805
21-08-2015,15,8820
22-08-2015,7,8827
23-08-2015,12,8839
24-08-2015,12,8851
25-08-2015,12,8863
26-08-2015,15,8878
27-08-2015,13,8891
28-08-2015,12,8903
29-08-2015,15,8918
30-08-2015,22,8940
31-08-2015,21,8961
01-09-2015,27,8988
02-09-2015,17,9005
03-09-2015,16,9021
04-09-2015,9,9030
05-09-2015,9,9039
06-09-2015,13,9052
07-09-2015,25,9077
08-09-2015,16,9093
09-09-2015,24,9117
10-09-2015,14,9131
11-09-2015,6,9137
12-09-2015,6,9143
13-09-2015,27,9170
14-09-2015,25,9195
15-09-2015,22,9217
16-09-2015,20,9237
17-09-2015,16,9253
18-09-2015,16,9269
19-09-2015,13,9282
20-09-2015,14,9296
21-09-2015,30,9326
22-09-2015,16,9342
23-09-2015,12,9354
24-09-2015,17,9371
25-09-2015,12,9383
26-09-2015,9,9392
27-09-2015,24,9416
28-09-2015,13,9429
29-09-2015,13,9442
30-09-2015,11,9453
01-10-2015,9,9462
02-10-2015,9,9471
03-10-2015,8,9479
04-10-2015,15,9494
05-10-2015,15,9509
06-10-2015,15,9524
07-10-2015,14,9538
08-10-2015,14,9552
09-10-2015,10,9562
10-10-2015,6,9568
11-10-2015,19,9587
12-10-2015,26,9613
13-10-2015,15,9628
14-10-2015,20,9648
15-10-2015,14,9662
16-10-2015,12,9674
17-10-2015,6,9680
18-10-2015,16,9696
19-10-2015,23,9719
20-10-2015,15,9734
21-10-2015,19,9753
22-10-2015,7,9760
23-10-2015,12,9772
24-10-2015,7,9779
25-10-2015,21,9800
26-10-2015,24,9824
27-10-2015,21,9845
28-10-2015,14,9859
29-10-2015,30,9889
30-10-2015,9,9898
31-10-2015,7,9905
01-11-2015,24,9929
02-11-2015,17,9946
03-11-2015,22,9968
04-11-2015,27,9995
05-11-2015,20,10015
06-11-2015,10,10025
07-11-2015,9,10034
08-11-2015,20,10054
09-11-2015,32,10086
10-11-2015,17,10103
11-11-2015,25,10128
12-11-2015,24,10152
13-11-2015,13,10165
14-11-2015,9,10174
15-11-2015,19,10193
16-11-2015,12,10205
17-11-2015,18,10223
18-11-2015,15,10238
19-11-2015,18,10256
20-11-2015,5,10261
21-11-2015,9,10270
22-11-2015,18,10288
23-11-2015,25,10313
24-11-2015,30,10343
25-11-2015,20,10363
26-11-2015,20,10383
27-11-2015,6,10389
28-11-2015,12,10401
29-11-2015,16,10417
30-11-2015,27,10444
01-12-2015,16,10460
02-12-2015,20,10480
03-12-2015,10,10490
04-12-2015,10,10500
05-12-2015,15,10515
06-12-2015,23,10538
07-12-2015,17,10555
08-12-2015,18,10573
09-12-2015,16,10589
10-12-2015,10,10599
11-12-2015,8,10607
12-12-2015,3,10610
13-12-2015,11,10621
14-12-2015,13,10634
15-12-2015,13,10647
16-12-2015,13,10660
17-12-2015,8,10668
18-12-2015,5,10673
19-12-2015,5,10678
20-12-2015,10,10688
21-12-2015,7,10695
22-12-2015,10,10705
23-12-2015,7,10712
24-12-2015,7,10719
25-12-2015,4,10723
26-12-2015,7,10730
27-12-2015,17,10747
28-12-2015,16,10763
29-12-2015,11,10774
30-12-2015,10,10784
31-12-2015,5,10789
01-01-2016,7,10796
02-01-2016,2,10798
03-01-2016,17,10815
04-01-2016,16,10831
05-01-2016,24,10855
06-01-2016,13,10868
07-01-2016,13,10881
08-01-2016,7,10888
09-01-2016,10,10898
10-01-2016,12,10910
11-01-2016,28,10938
12-01-2016,19,10957
13-01-2016,25,10982
14-01-2016,19,11001
15-01-2016,11,11012
16-01-2016,9,11021
17-01-2016,19,11040
18-01-2016,22,11062
19-01-2016,22,11084
20-01-2016,23,11107
21-01-2016,21,11128
22-01-2016,9,11137
23-01-2016,10,11147
24-01-2016,21,11168
25-01-2016,28,11196
26-01-2016,21,11217
27-01-2016,17,11234
28-01-2016,18,11252
29-01-2016,15,11267
30-01-2016,13,11280
31-01-2016,11,11291
01-02-2016,12,11303
02-02-2016,23,11326
03-02-2016,13,11339
04-02-2016,19,11358
05-02-2016,13,11371
06-02-2016,9,11380
07-02-2016,15,11395
08-02-2016,11,11406
09-02-2016,13,11419
10-02-2016,17,11436
11-02-2016,18,11454
12-02-2016,8,11462
13-02-2016,21,11483
14-02-2016,18,11501
15-02-2016,26,11527
16-02-2016,16,11543
17-02-2016,21,11564
18-02-2016,26,11590
19-02-2016,10,11600
20-02-2016,9,11609
21-02-2016,13,11622
22-02-2016,26,11648
23-02-2016,24,11672
24-02-2016,15,11687
25-02-2016,32,11719
26-02-2016,12,11731
27-02-2016,17,11748
28-02-2016,22,11770
29-02-2016,18,11788
01-03-2016,17,11805
02-03-2016,23,11828
03-03-2016,13,11841
04-03-2016,8,11849
05-03-2016,13,11862
06-03-2016,11,11873
07-03-2016,20,11893
08-03-2016,17,11910
09-03-2016,25,11935
10-03-2016,21,11956
11-03-2016,14,11970
12-03-2016,18,11988
13-03-2016,20,12008
14-03-2016,20,12028
15-03-2016,22,12050
16-03-2016,25,12075
17-03-2016,21,12096
18-03-2016,20,12116
19-03-2016,28,12144
20-03-2016,31,12175
21-03-2016,29,12204
22-03-2016,23,12227
23-03-2016,23,12250
24-03-2016,24,12274
25-03-2016,18,12292
26-03-2016,13,12305
27-03-2016,29,12334
28-03-2016,32,12366
29-03-2016,25,12391
30-03-2016,15,12406
31-03-2016,12,12418
01-04-2016,7,12425
02-04-2016,7,12432
03-04-2016,18,12450
04-04-2016,14,12464
05-04-2016,13,12477
06-04-2016,24,12501
07-04-2016,13,12514
08-04-2016,12,12526
09-04-2016,9,12535
10-04-2016,22,12557
11-04-2016,15,12572
12-04-2016,15,12587
13-04-2016,23,12610
14-04-2016,17,12627
15-04-2016,11,12638
16-04-2016,11,12649
17-04-2016,22,12671
18-04-2016,18,12689
19-04-2016,23,12712
20-04-2016,24,12736
21-04-2016,15,12751
22-04-2016,11,12762
23-04-2016,13,12775
24-04-2016,20,12795
25-04-2016,29,12824
26-04-2016,16,12840
27-04-2016,17,12857
28-04-2016,19,12876
29-04-2016,16,12892
30-04-2016,7,12899
01-05-2016,11,12910
02-05-2016,11,12921
03-05-2016,24,12945
04-05-2016,15,12960
05-05-2016,24,12984
06-05-2016,3,12987
07-05-2016,12,12999
08-05-2016,11,13010
09-05-2016,13,13023
10-05-2016,26,13049
11-05-2016,23,13072
12-05-2016,18,13090
13-05-2016,14,13104
14-05-2016,7,13111
15-05-2016,22,13133
16-05-2016,16,13149
17-05-2016,16,13165
18-05-2016,20,13185
19-05-2016,15,13200
20-05-2016,12,13212
21-05-2016,15,13227
22-05-2016,14,13241
23-05-2016,22,13263
24-05-2016,32,13295
25-05-2016,26,13321
26-05-2016,19,13340
27-05-2016,11,13351
28-05-2016,4,13355
29-05-2016,13,13368
30-05-2016,22,13390
31-05-2016,17,13407
01-06-2016,24,13431
02-06-2016,15,13446
03-06-2016,12,13458
04-06-2016,5,13463
05-06-2016,17,13480
06-06-2016,18,13498
07-06-2016,18,13516
08-06-2016,19,13535
09-06-2016,18,13553
10-06-2016,10,13563
11-06-2016,14,13577
12-06-2016,9,13586
13-06-2016,13,13599
14-06-2016,18,13617
15-06-2016,21,13638
16-06-2016,18,13656
17-06-2016,11,13667
18-06-2016,13,13680
19-06-2016,16,13696
20-06-2016,14,13710
21-06-2016,26,13736
22-06-2016,15,13751
23-06-2016,22,13773
24-06-2016,8,13781
25-06-2016,6,13787
26-06-2016,9,13796
27-06-2016,13,13809
28-06-2016,24,13833
29-06-2016,22,13855
30-06-2016,19,13874
01-07-2016,34,13908
02-07-2016,26,13934
03-07-2016,26,13960
04-07-2016,19,13979
05-07-2016,22,14001
06-07-2016,28,14029
07-07-2016,22,14051
08-07-2016,14,14065
09-07-2016,15,14080
10-07-2016,30,14110
11-07-2016,22,14132
12-07-2016,24,14156
13-07-2016,18,14174
14-07-2016,24,14198
15-07-2016,4,14202
16-07-2016,11,14213
17-07-2016,20,14233
18-07-2016,23,14256
19-07-2016,24,14280
20-07-2016,20,14300
21-07-2016,29,14329
22-07-2016,10,14339
23-07-2016,19,14358
24-07-2016,21,14379
25-07-2016,22,14401
26-07-2016,30,14431
27-07-2016,21,14452
28-07-2016,22,14474
29-07-2016,8,14482
30-07-2016,13,14495
31-07-2016,25,14520
01-08-2016,24,14544
02-08-2016,12,14556
03-08-2016,18,14574
04-08-2016,27,14601
05-08-2016,10,14611
06-08-2016,8,14619
07-08-2016,17,14636
08-08-2016,22,14658
09-08-2016,20,14678
10-08-2016,17,14695
11-08-2016,17,14712
12-08-2016,12,14724
13-08-2016,11,14735
14-08-2016,15,14750
15-08-2016,14,14764
16-08-2016,17,14781
17-08-2016,21,14802
18-08-2016,14,14816
19-08-2016,13,14829
20-08-2016,12,14841
21-08-2016,19,14860
22-08-2016,14,14874
23-08-2016,25,14899
24-08-2016,17,14916
25-08-2016,16,14932
26-08-2016,18,14950
27-08-2016,10,14960
28-08-2016,22,14982
29-08-2016,31,15013
30-08-2016,19,15032
31-08-2016,26,15058
01-09-2016,11,15069
02-09-2016,7,15076
03-09-2016,13,15089
04-09-2016,14,15103
05-09-2016,25,15128
06-09-2016,27,15155
07-09-2016,22,15177
08-09-2016,52,15229
09-09-2016,29,15258
10-09-2016,17,15275
11-09-2016,29,15304
12-09-2016,28,15332
13-09-2016,24,15356
14-09-2016,27,15383
15-09-2016,24,15407
16-09-2016,9,15416
17-09-2016,16,15432
18-09-2016,34,15466
19-09-2016,17,15483
20-09-2016,25,15508
21-09-2016,25,15533
22-09-2016,16,15549
23-09-2016,12,15561
24-09-2016,11,15572
25-09-2016,32,15604
26-09-2016,36,15640
27-09-2016,43,15683
28-09-2016,40,15723
29-09-2016,36,15759
30-09-2016,12,15771
01-10-2016,11,15782
02-10-2016,20,15802
03-10-2016,17,15819
04-10-2016,21,15840
05-10-2016,25,15865
06-10-2016,26,15891
07-10-2016,18,15909
08-10-2016,24,15933
09-10-2016,16,15949
10-10-2016,23,15972
11-10-2016,31,16003
12-10-2016,39,16042
13-10-2016,28,16070
14-10-2016,19,16089
15-10-2016,22,16111
16-10-2016,41,16152
17-10-2016,40,16192
18-10-2016,27,16219
19-10-2016,54,16273
20-10-2016,26,16299
21-10-2016,26,16325
22-10-2016,15,16340
23-10-2016,28,16368
24-10-2016,31,16399
25-10-2016,27,16426
26-10-2016,27,16453
27-10-2016,12,16465
28-10-2016,9,16474
29-10-2016,14,16488
30-10-2016,29,16517
31-10-2016,29,16546
01-11-2016,27,16573
02-11-2016,27,16600
03-11-2016,33,16633
04-11-2016,15,16648
05-11-2016,13,16661
06-11-2016,33,16694
07-11-2016,28,16722
08-11-2016,27,16749
09-11-2016,31,16780
10-11-2016,20,16800
11-11-2016,11,16811
12-11-2016,14,16825
13-11-2016,20,16845
14-11-2016,30,16875
15-11-2016,21,16896
16-11-2016,28,16924
17-11-2016,27,16951
18-11-2016,15,16966
19-11-2016,9,16975
20-11-2016,22,16997
21-11-2016,39,17036
22-11-2016,30,17066
23-11-2016,27,17093
24-11-2016,21,17114
25-11-2016,16,17130
26-11-2016,17,17147
27-11-2016,31,17178
28-11-2016,31,17209
29-11-2016,29,17238
30-11-2016,33,17271
01-12-2016,16,17287
02-12-2016,17,17304
03-12-2016,12,17316
04-12-2016,24,17340
05-12-2016,23,17363
06-12-2016,28,17391
07-12-2016,41,17432
08-12-2016,34,17466
09-12-2016,9,17475
10-12-2016,14,17489
11-12-2016,27,17516
12-12-2016,95,17611
13-12-2016,49,17660
14-12-2016,25,17685
15-12-2016,19,17704
16-12-2016,17,17721
17-12-2016,15,17736
18-12-2016,19,17755
19-12-2016,29,17784
20-12-2016,22,17806
21-12-2016,29,17835
22-12-2016,22,17857
23-12-2016,11,17868
24-12-2016,11,17879
25-12-2016,20,17899
26-12-2016,22,17921
27-12-2016,25,17946
28-12-2016,28,17974
29-12-2016,19,17993
30-12-2016,15,18008
31-12-2016,5,18013
01-01-2017,16,18029
02-01-2017,22,18051
03-01-2017,17,18068
04-01-2017,28,18096
05-01-2017,23,18119
06-01-2017,11,18130
07-01-2017,21,18151
08-01-2017,16,18167
09-01-2017,26,18193
10-01-2017,17,18210
11-01-2017,22,18232
12-01-2017,22,18254
13-01-2017,12,18266
14-01-2017,10,18276
15-01-2017,26,18302
16-01-2017,27,18329
17-01-2017,16,18345
18-01-2017,28,18373
19-01-2017,31,18404
20-01-2017,18,18422
21-01-2017,16,18438
22-01-2017,30,18468
23-01-2017,18,18486
24-01-2017,18,18504
25-01-2017,23,18527
26-01-2017,18,18545
27-01-2017,9,18554
28-01-2017,7,18561
29-01-2017,15,18576
30-01-2017,20,18596
31-01-2017,22,18618
01-02-2017,23,18641
02-02-2017,25,18666
03-02-2017,26,18692
04-02-2017,11,18703
05-02-2017,23,18726
06-02-2017,27,18753
07-02-2017,29,18782
08-02-2017,34,18816
09-02-2017,32,18848
10-02-2017,25,18873
11-02-2017,19,18892
12-02-2017,31,18923
13-02-2017,32,18955
14-02-2017,22,18977
15-02-2017,35,19012
16-02-2017,30,19042
17-02-2017,25,19067
18-02-2017,24,19091
19-02-2017,25,19116
20-02-2017,38,19154
21-02-2017,54,19208
22-02-2017,28,19236
23-02-2017,23,19259
24-02-2017,15,19274
25-02-2017,14,19288
26-02-2017,39,19327
27-02-2017,28,19355
28-02-2017,31,19386
01-03-2017,42,19428
02-03-2017,25,19453
03-03-2017,19,19472
04-03-2017,17,19489
05-03-2017,24,19513
06-03-2017,25,19538
07-03-2017,40,19578
08-03-2017,30,19608
09-03-2017,18,19626
10-03-2017,11,19637
11-03-2017,12,19649
12-03-2017,43,19692
13-03-2017,39,19731
14-03-2017,55,19786
15-03-2017,39,19825
16-03-2017,22,19847
17-03-2017,19,19866
18-03-2017,20,19886
19-03-2017,33,19919
20-03-2017,26,19945
21-03-2017,34,19979
22-03-2017,34,20013
23-03-2017,29,20042
24-03-2017,24,20066
25-03-2017,22,20088
26-03-2017,35,20123
27-03-2017,39,20162
28-03-2017,52,20214
29-03-2017,39,20253
30-03-2017,24,20277
31-03-2017,28,20305
01-04-2017,19,20324
02-04-2017,24,20348
03-04-2017,22,20370
04-04-2017,36,20406
05-04-2017,21,20427
06-04-2017,28,20455
07-04-2017,19,20474
08-04-2017,8,20482
09-04-2017,30,20512
10-04-2017,34,20546
11-04-2017,26,20572
12-04-2017,36,20608
13-04-2017,31,20639
14-04-2017,16,20655
15-04-2017,14,20669
16-04-2017,16,20685
17-04-2017,18,20703
18-04-2017,22,20725
19-04-2017,35,20760
20-04-2017,19,20779
21-04-2017,15,20794
22-04-2017,16,20810
23-04-2017,44,20854
24-04-2017,40,20894
25-04-2017,28,20922
26-04-2017,32,20954
27-04-2017,36,20990
28-04-2017,17,21007
29-04-2017,12,21019
30-04-2017,22,21041
01-05-2017,38,21079
02-05-2017,28,21107
03-05-2017,30,21137
04-05-2017,24,21161
05-05-2017,10,21171
06-05-2017,11,21182
07-05-2017,27,21209
08-05-2017,28,21237
09-05-2017,25,21262
10-05-2017,41,21303
11-05-2017,31,21334
12-05-2017,13,21347
13-05-2017,20,21367
14-05-2017,30,21397
15-05-2017,29,21426
16-05-2017,41,21467
17-05-2017,25,21492
18-05-2017,28,21520
19-05-2017,12,21532
20-05-2017,16,21548
21-05-2017,40,21588
22-05-2017,46,21634
23-05-2017,33,21667
24-05-2017,26,21693
25-05-2017,27,21720
26-05-2017,14,21734
27-05-2017,8,21742
28-05-2017,15,21757
29-05-2017,16,21773
30-05-2017,28,21801
31-05-2017,36,21837
01-06-2017,36,21873
02-06-2017,13,21886
03-06-2017,14,21900
04-06-2017,29,21929
05-06-2017,31,21960
06-06-2017,30,21990
07-06-2017,32,22022
08-06-2017,29,22051
09-06-2017,24,22075
10-06-2017,16,22091
11-06-2017,36,22127
12-06-2017,21,22148
13-06-2017,30,22178
14-06-2017,36,22214
15-06-2017,37,22251
16-06-2017,13,22264
17-06-2017,10,22274
18-06-2017,22,22296
19-06-2017,37,22333
20-06-2017,36,22369
21-06-2017,32,22401
22-06-2017,28,22429
23-06-2017,14,22443
24-06-2017,14,22457
25-06-2017,22,22479
26-06-2017,35,22514
27-06-2017,34,22548
28-06-2017,40,22588
29-06-2017,34,22622
30-06-2017,14,22636
01-07-2017,15,22651
02-07-2017,30,22681
03-07-2017,34,22715
04-07-2017,32,22747
05-07-2017,40,22787
06-07-2017,32,22819
07-07-2017,11,22830
08-07-2017,16,22846
09-07-2017,28,22874
10-07-2017,31,22905
11-07-2017,55,22960
12-07-2017,42,23002
13-07-2017,34,23036
14-07-2017,26,23062
15-07-2017,13,23075
16-07-2017,31,23106
17-07-2017,32,23138
18-07-2017,43,23181
19-07-2017,32,23213
20-07-2017,29,23242
21-07-2017,24,23266
22-07-2017,20,23286
23-07-2017,23,23309
24-07-2017,26,23335
25-07-2017,34,23369
26-07-2017,27,23396
27-07-2017,35,23431
28-07-2017,17,23448
29-07-2017,11,23459
30-07-2017,22,23481
31-07-2017,67,23548
01-08-2017,31,23579
02-08-2017,37,23616
03-08-2017,36,23652
04-08-2017,19,23671
05-08-2017,14,23685
06-08-2017,25,23710
07-08-2017,37,23747
08-08-2017,46,23793
09-08-2017,44,23837
10-08-2017,33,23870
11-08-2017,8,23878
12-08-2017,9,23887
13-08-2017,31,23918
14-08-2017,34,23952
15-08-2017,39,23991
16-08-2017,49,24040
17-08-2017,47,24087
18-08-2017,24,24111
19-08-2017,16,24127
20-08-2017,41,24168
21-08-2017,37,24205
22-08-2017,35,24240
23-08-2017,31,24271
24-08-2017,20,24291
25-08-2017,14,24305
26-08-2017,17,24322
27-08-2017,34,24356
28-08-2017,34,24390
29-08-2017,50,24440
30-08-2017,34,24474
31-08-2017,27,24501
01-09-2017,15,24516
02-09-2017,18,24534
03-09-2017,17,24551
04-09-2017,31,24582
05-09-2017,39,24621
06-09-2017,31,24652
07-09-2017,35,24687
08-09-2017,14,24701
09-09-2017,14,24715
10-09-2017,28,24743
11-09-2017,30,24773
12-09-2017,25,24798
13-09-2017,31,24829
14-09-2017,38,24867
15-09-2017,14,24881
16-09-2017,9,24890
17-09-2017,31,24921
18-09-2017,33,24954
19-09-2017,43,24997
20-09-2017,31,25028
21-09-2017,17,25045
22-09-2017,14,25059
23-09-2017,17,25076
24-09-2017,23,25099
25-09-2017,40,25139
26-09-2017,33,25172
27-09-2017,24,25196
28-09-2017,48,25244
29-09-2017,33,25277
30-09-2017,18,25295
01-10-2017,18,25313
02-10-2017,18,25331
03-10-2017,24,25355
04-10-2017,14,25369
05-10-2017,27,25396
06-10-2017,11,25407
07-10-2017,10,25417
08-10-2017,19,25436
09-10-2017,26,25462
10-10-2017,38,25500
11-10-2017,63,25563
12-10-2017,63,25626
13-10-2017,24,25650
14-10-2017,14,25664
15-10-2017,35,25699
16-10-2017,51,25750
17-10-2017,38,25788
18-10-2017,57,25845
19-10-2017,48,25893
20-10-2017,19,25912
21-10-2017,28,25940
22-10-2017,52,25992
23-10-2017,42,26034
24-10-2017,44,26078
25-10-2017,42,26120
26-10-2017,41,26161
27-10-2017,32,26193
28-10-2017,27,26220
29-10-2017,27,26247
30-10-2017,36,26283
31-10-2017,37,26320
01-11-2017,37,26357
02-11-2017,42,26399
03-11-2017,24,26423
04-11-2017,31,26454
05-11-2017,41,26495
06-11-2017,50,26545
07-11-2017,30,26575
08-11-2017,46,26621
09-11-2017,43,26664
10-11-2017,28,26692
11-11-2017,20,26712
12-11-2017,43,26755
13-11-2017,43,26798
14-11-2017,34,26832
15-11-2017,50,26882
16-11-2017,39,26921
17-11-2017,26,26947
18-11-2017,19,26966
19-11-2017,32,26998
20-11-2017,31,27029
21-11-2017,48,27077
22-11-2017,35,27112
23-11-2017,32,27144
24-11-2017,25,27169
25-11-2017,20,27189
26-11-2017,45,27234
27-11-2017,38,27272
28-11-2017,43,27315
29-11-2017,48,27363
30-11-2017,45,27408
01-12-2017,30,27438
02-12-2017,21,27459
03-12-2017,27,27486
04-12-2017,48,27534
05-12-2017,40,27574
06-12-2017,51,27625
07-12-2017,42,27667
08-12-2017,31,27698
09-12-2017,27,27725
10-12-2017,46,27771
11-12-2017,44,27815
12-12-2017,47,27862
13-12-2017,43,27905
14-12-2017,44,27949
15-12-2017,23,27972
16-12-2017,23,27995
17-12-2017,41,28036
18-12-2017,46,28082
19-12-2017,55,28137
20-12-2017,44,28181
21-12-2017,45,28226
22-12-2017,14,28240
23-12-2017,21,28261
24-12-2017,25,28286
25-12-2017,40,28326
26-12-2017,28,28354
27-12-2017,31,28385
28-12-2017,25,28410
29-12-2017,13,28423
30-12-2017,14,28437
31-12-2017,15,28452
01-01-2018,64,28516
02-01-2018,48,28564
03-01-2018,53,28617
04-01-2018,35,28652
05-01-2018,21,28673
06-01-2018,25,28698
07-01-2018,51,28749
08-01-2018,54,28803
09-01-2018,73,28876
10-01-2018,42,28918
11-01-2018,35,28953
12-01-2018,16,28969
13-01-2018,28,28997
14-01-2018,48,29045
15-01-2018,58,29103
16-01-2018,44,29147
17-01-2018,67,29214
18-01-2018,43,29257
19-01-2018,28,29285
20-01-2018,24,29309
21-01-2018,41,29350
22-01-2018,36,29386
23-01-2018,56,29442
24-01-2018,47,29489
25-01-2018,38,29527
26-01-2018,22,29549
27-01-2018,20,29569
28-01-2018,39,29608
29-01-2018,49,29657
30-01-2018,35,29692
31-01-2018,51,29743
01-02-2018,45,29788
02-02-2018,30,29818
03-02-2018,34,29852
04-02-2018,55,29907
05-02-2018,54,29961
06-02-2018,53,30014
07-02-2018,37,30051
08-02-2018,56,30107
09-02-2018,31,30138
10-02-2018,28,30166
11-02-2018,41,30207
12-02-2018,39,30246
13-02-2018,28,30274
14-02-2018,31,30305
15-02-2018,25,30330
16-02-2018,22,30352
17-02-2018,11,30363
18-02-2018,26,30389
19-02-2018,44,30433
20-02-2018,35,30468
21-02-2018,32,30500
22-02-2018,47,30547
23-02-2018,28,30575
24-02-2018,18,30593
25-02-2018,49,30642
26-02-2018,49,30691
27-02-2018,49,30740
28-02-2018,67,30807
01-03-2018,42,30849
02-03-2018,29,30878
03-03-2018,21,30899
04-03-2018,102,31001
05-03-2018,53,31054
06-03-2018,48,31102
07-03-2018,46,31148
08-03-2018,48,31196
09-03-2018,33,31229
10-03-2018,28,31257
11-03-2018,41,31298
12-03-2018,55,31353
13-03-2018,39,31392
14-03-2018,49,31441
15-03-2018,35,31476
16-03-2018,23,31499
17-03-2018,29,31528
18-03-2018,43,31571
19-03-2018,62,31633
20-03-2018,62,31695
21-03-2018,46,31741
22-03-2018,50,31791
23-03-2018,20,31811
24-03-2018,34,31845
25-03-2018,39,31884
26-03-2018,61,31945
27-03-2018,64,32009
28-03-2018,51,32060
29-03-2018,41,32101
30-03-2018,28,32129
31-03-2018,16,32145
01-04-2018,40,32185
02-04-2018,46,32231
03-04-2018,54,32285
04-04-2018,36,32321
05-04-2018,35,32356
06-04-2018,23,32379
07-04-2018,35,32414
08-04-2018,43,32457
09-04-2018,41,32498
10-04-2018,49,32547
11-04-2018,53,32600
12-04-2018,43,32643
13-04-2018,20,32663
14-04-2018,22,32685
15-04-2018,58,32743
16-04-2018,42,32785
17-04-2018,54,32839
18-04-2018,53,32892
19-04-2018,56,32948
20-04-2018,30,32978
21-04-2018,32,33010
22-04-2018,39,33049
23-04-2018,42,33091
24-04-2018,40,33131
25-04-2018,45,33176
26-04-2018,45,33221
27-04-2018,33,33254
28-04-2018,15,33269
29-04-2018,30,33299
30-04-2018,28,33327
01-05-2018,44,33371
02-05-2018,58,33429
03-05-2018,43,33472
04-05-2018,39,33511
05-05-2018,28,33539
06-05-2018,37,33576
07-05-2018,43,33619
08-05-2018,27,33646
09-05-2018,61,33707
10-05-2018,42,33749
11-05-2018,21,33770
12-05-2018,26,33796
13-05-2018,41,33837
14-05-2018,40,33877
15-05-2018,55,33932
16-05-2018,45,33977
17-05-2018,45,34022
18-05-2018,32,34054
19-05-2018,30,34084
20-05-2018,51,34135
21-05-2018,46,34181
22-05-2018,51,34232
23-05-2018,66,34298
24-05-2018,47,34345
25-05-2018,25,34370
26-05-2018,25,34395
27-05-2018,46,34441
28-05-2018,50,34491
29-05-2018,43,34534
30-05-2018,43,34577
31-05-2018,35,34612
01-06-2018,27,34639
02-06-2018,20,34659
03-06-2018,38,34697
04-06-2018,50,34747
05-06-2018,43,34790
06-06-2018,56,34846
07-06-2018,54,34900
08-06-2018,28,34928
09-06-2018,28,34956
10-06-2018,36,34992
11-06-2018,45,35037
12-06-2018,33,35070
13-06-2018,47,35117
14-06-2018,44,35161
15-06-2018,31,35192
16-06-2018,15,35207
17-06-2018,30,35237
18-06-2018,44,35281
19-06-2018,60,35341
20-06-2018,38,35379
21-06-2018,39,35418
22-06-2018,15,35433
23-06-2018,29,35462
24-06-2018,36,35498
25-06-2018,45,35543
26-06-2018,44,35587
27-06-2018,64,35651
28-06-2018,37,35688
29-06-2018,13,35701
30-06-2018,14,35715
01-07-2018,33,35748
02-07-2018,41,35789
03-07-2018,42,35831
04-07-2018,41,35872
05-07-2018,49,35921
06-07-2018,24,35945
07-07-2018,24,35969
08-07-2018,37,36006
09-07-2018,45,36051
10-07-2018,42,36093
11-07-2018,50,36143
12-07-2018,44,36187
13-07-2018,13,36200
14-07-2018,26,36226
15-07-2018,35,36261
16-07-2018,36,36297
17-07-2018,55,36352
18-07-2018,49,36401
19-07-2018,38,36439
20-07-2018,28,36467
21-07-2018,24,36491
22-07-2018,48,36539
23-07-2018,59,36598
24-07-2018,54,36652
25-07-2018,53,36705
26-07-2018,56,36761
27-07-2018,21,36782
28-07-2018,25,36807
29-07-2018,50,36857
30-07-2018,53,36910
31-07-2018,48,36958
01-08-2018,50,37008
02-08-2018,52,37060
03-08-2018,20,37080
04-08-2018,21,37101
05-08-2018,46,37147
06-08-2018,51,37198
07-08-2018,51,37249
08-08-2018,67,37316
09-08-2018,47,37363
10-08-2018,31,37394
11-08-2018,25,37419
12-08-2018,54,37473
13-08-2018,32,37505
14-08-2018,34,37539
15-08-2018,50,37589
16-08-2018,39,37628
17-08-2018,31,37659
18-08-2018,21,37680
19-08-2018,39,37719
20-08-2018,52,37771
21-08-2018,49,37820
22-08-2018,77,37897
23-08-2018,49,37946
24-08-2018,25,37971
25-08-2018,21,37992
26-08-2018,50,38042
27-08-2018,56,38098
28-08-2018,52,38150
29-08-2018,36,38186
30-08-2018,51,38237
31-08-2018,28,38265
01-09-2018,34,38299
02-09-2018,50,38349
03-09-2018,54,38403
04-09-2018,46,38449
05-09-2018,48,38497
06-09-2018,66,38563
07-09-2018,22,38585
08-09-2018,16,38601
09-09-2018,48,38649
10-09-2018,41,38690
11-09-2018,52,38742
12-09-2018,40,38782
13-09-2018,43,38825
14-09-2018,20,38845
15-09-2018,20,38865
16-09-2018,40,38905
17-09-2018,48,38953
18-09-2018,42,38995
19-09-2018,35,39030
20-09-2018,48,39078
21-09-2018,27,39105
22-09-2018,26,39131
23-09-2018,27,39158
24-09-2018,43,39201
25-09-2018,56,39257
26-09-2018,45,39302
27-09-2018,46,39348
28-09-2018,35,39383
29-09-2018,47,39430
30-09-2018,52,39482
01-10-2018,26,39508
02-10-2018,38,39546
03-10-2018,30,39576
04-10-2018,28,39604
05-10-2018,21,39625
06-10-2018,25,39650
07-10-2018,43,39693
08-10-2018,46,39739
09-10-2018,30,39769
10-10-2018,41,39810
11-10-2018,39,39849
12-10-2018,29,39878
13-10-2018,29,39907
14-10-2018,35,39942
15-10-2018,59,40001
16-10-2018,52,40053
17-10-2018,64,40117
18-10-2018,47,40164
19-10-2018,17,40181
20-10-2018,10,40191
21-10-2018,42,40233
22-10-2018,51,40284
23-10-2018,53,40337
24-10-2018,44,40381
25-10-2018,43,40424
26-10-2018,16,40440
27-10-2018,26,40466
28-10-2018,29,40495
29-10-2018,34,40529
30-10-2018,50,40579
31-10-2018,51,40630
01-11-2018,47,40677
02-11-2018,23,40700
03-11-2018,15,40715
04-11-2018,36,40751
05-11-2018,54,40805
06-11-2018,38,40843
07-11-2018,61,40904
08-11-2018,50,40954
09-11-2018,23,40977
10-11-2018,21,40998
11-11-2018,51,41049
12-11-2018,69,41118
13-11-2018,47,41165
14-11-2018,48,41213
15-11-2018,43,41256
16-11-2018,25,41281
17-11-2018,24,41305
18-11-2018,62,41367
19-11-2018,50,41417
20-11-2018,62,41479
21-11-2018,68,41547
22-11-2018,48,41595
23-11-2018,29,41624
24-11-2018,27,41651
25-11-2018,36,41687
26-11-2018,49,41736
27-11-2018,47,41783
28-11-2018,60,41843
29-11-2018,56,41899
30-11-2018,23,41922
01-12-2018,24,41946
02-12-2018,48,41994
03-12-2018,95,42089
04-12-2018,87,42176
05-12-2018,64,42240
06-12-2018,56,42296
07-12-2018,25,42321
08-12-2018,31,42352
09-12-2018,63,42415
10-12-2018,57,42472
11-12-2018,76,42548
12-12-2018,60,42608
13-12-2018,47,42655
14-12-2018,30,42685
15-12-2018,33,42718
16-12-2018,44,42762
17-12-2018,49,42811
18-12-2018,44,42855
19-12-2018,51,42906
20-12-2018,51,42957
21-12-2018,20,42977
22-12-2018,23,43000
23-12-2018,39,43039
24-12-2018,38,43077
25-12-2018,57,43134
26-12-2018,50,43184
27-12-2018,147,43331
28-12-2018,48,43379
29-12-2018,36,43415
30-12-2018,26,43441
31-12-2018,29,43470
01-01-2019,60,43530
02-01-2019,55,43585
03-01-2019,57,43642
04-01-2019,39,43681
05-01-2019,34,43715
06-01-2019,68,43783
07-01-2019,56,43839
08-01-2019,72,43911
09-01-2019,61,43972
10-01-2019,55,44027
11-01-2019,19,44046
12-01-2019,41,44087
13-01-2019,48,44135
14-01-2019,51,44186
15-01-2019,52,44238
16-01-2019,47,44285
17-01-2019,64,44349
18-01-2019,31,44380
19-01-2019,30,44410
20-01-2019,51,44461
21-01-2019,45,44506
22-01-2019,51,44557
23-01-2019,38,44595
24-01-2019,47,44642
25-01-2019,25,44667
26-01-2019,28,44695
27-01-2019,47,44742
28-01-2019,46,44788
29-01-2019,34,44822
30-01-2019,55,44877
31-01-2019,54,44931
01-02-2019,47,44978
02-02-2019,24,45002
03-02-2019,24,45026
04-02-2019,31,45057
05-02-2019,32,45089
06-02-2019,50,45139
07-02-2019,31,45170
08-02-2019,25,45195
09-02-2019,26,45221
10-02-2019,48,45269
11-02-2019,36,45305
12-02-2019,61,45366
13-02-2019,60,45426
14-02-2019,45,45471
15-02-2019,34,45505
16-02-2019,26,45531
17-02-2019,60,45591
18-02-2019,51,45642
19-02-2019,40,45682
20-02-2019,49,45731
21-02-2019,61,45792
22-02-2019,37,45829
23-02-2019,23,45852
24-02-2019,48,45900
25-02-2019,57,45957
26-02-2019,53,46010
27-02-2019,55,46065
28-02-2019,63,46128
01-03-2019,31,46159
02-03-2019,35,46194
03-03-2019,65,46259
04-03-2019,66,46325
05-03-2019,50,46375
06-03-2019,52,46427
07-03-2019,59,46486
08-03-2019,25,46511
09-03-2019,26,46537
10-03-2019,51,46588
11-03-2019,60,46648
12-03-2019,51,46699
13-03-2019,55,46754
14-03-2019,46,46800
15-03-2019,28,46828
16-03-2019,26,46854
17-03-2019,56,46910
18-03-2019,57,46967
19-03-2019,69,47036
20-03-2019,64,47100
21-03-2019,56,47156
22-03-2019,23,47179
23-03-2019,41,47220
24-03-2019,62,47282
25-03-2019,89,47371
26-03-2019,64,47435
27-03-2019,67,47502
28-03-2019,77,47579
29-03-2019,35,47614
30-03-2019,31,47645
31-03-2019,54,47699
01-04-2019,64,47763
02-04-2019,56,47819
03-04-2019,60,47879
04-04-2019,34,47913
05-04-2019,15,47928
06-04-2019,36,47964
07-04-2019,49,48013
08-04-2019,55,48068
09-04-2019,70,48138
10-04-2019,50,48188
11-04-2019,54,48242
12-04-2019,42,48284
13-04-2019,33,48317
14-04-2019,56,48373
15-04-2019,47,48420
16-04-2019,64,48484
17-04-2019,53,48537
18-04-2019,49,48586
19-04-2019,29,48615
20-04-2019,37,48652
21-04-2019,67,48719
22-04-2019,72,48791
23-04-2019,61,48852
24-04-2019,46,48898
25-04-2019,61,48959
26-04-2019,24,48983
27-04-2019,51,49034
28-04-2019,44,49078
29-04-2019,57,49135
30-04-2019,26,49161
01-05-2019,36,49197
02-05-2019,31,49228
03-05-2019,26,49254
04-05-2019,46,49300
05-05-2019,55,49355
06-05-2019,63,49418
07-05-2019,63,49481
08-05-2019,44,49525
09-05-2019,66,49591
10-05-2019,37,49628
11-05-2019,20,49648
12-05-2019,40,49688
13-05-2019,66,49754
14-05-2019,44,49798
15-05-2019,62,49860
16-05-2019,72,49932
17-05-2019,29,49961
18-05-2019,24,49985
19-05-2019,37,50022
20-05-2019,64,50086
21-05-2019,54,50140
22-05-2019,59,50199
23-05-2019,70,50269
24-05-2019,36,50305
25-05-2019,25,50330
26-05-2019,37,50367
27-05-2019,56,50423
28-05-2019,65,50488
29-05-2019,56,50544
30-05-2019,45,50589
31-05-2019,28,50617
01-06-2019,29,50646
02-06-2019,42,50688
03-06-2019,46,50734
04-06-2019,40,50774
05-06-2019,41,50815
06-06-2019,38,50853
07-06-2019,24,50877
08-06-2019,13,50890
09-06-2019,39,50929
10-06-2019,47,50976
11-06-2019,56,51032
12-06-2019,56,51088
13-06-2019,38,51126
14-06-2019,26,51152
15-06-2019,19,51171
16-06-2019,55,51226
17-06-2019,38,51264
18-06-2019,50,51314
19-06-2019,69,51383
20-06-2019,64,51447
21-06-2019,13,51460
22-06-2019,21,51481
23-06-2019,37,51518
24-06-2019,49,51567
25-06-2019,51,51618
26-06-2019,55,51673
27-06-2019,43,51716
28-06-2019,23,51739
29-06-2019,13,51752
30-06-2019,41,51793
01-07-2019,49,51842
02-07-2019,68,51910
03-07-2019,75,51985
04-07-2019,81,52066
05-07-2019,25,52091
06-07-2019,22,52113
07-07-2019,46,52159
08-07-2019,47,52206
09-07-2019,37,52243
10-07-2019,49,52292
11-07-2019,43,52335
12-07-2019,19,52354
13-07-2019,18,52372
14-07-2019,36,52408
15-07-2019,46,52454
16-07-2019,62,52516
17-07-2019,73,52589
18-07-2019,45,52634
19-07-2019,36,52670
20-07-2019,21,52691
21-07-2019,43,52734
22-07-2019,64,52798
23-07-2019,48,52846
24-07-2019,55,52901
25-07-2019,45,52946
26-07-2019,27,52973
27-07-2019,21,52994
28-07-2019,59,53053
29-07-2019,51,53104
30-07-2019,42,53146
31-07-2019,52,53198
01-08-2019,44,53242
02-08-2019,27,53269
03-08-2019,18,53287
04-08-2019,47,53334
05-08-2019,38,53372
06-08-2019,56,53428
07-08-2019,49,53477
08-08-2019,89,53566
09-08-2019,28,53594
10-08-2019,17,53611
11-08-2019,43,53654
12-08-2019,44,53698
13-08-2019,52,53750
14-08-2019,48,53798
15-08-2019,34,53832
16-08-2019,24,53856
17-08-2019,21,53877
18-08-2019,39,53916
19-08-2019,51,53967
20-08-2019,49,54016
21-08-2019,44,54060
22-08-2019,51,54111
23-08-2019,20,54131
24-08-2019,22,54153
25-08-2019,36,54189
26-08-2019,54,54243
27-08-2019,39,54282
28-08-2019,52,54334
29-08-2019,50,54384
30-08-2019,32,54416
31-08-2019,25,54441
01-09-2019,40,54481
02-09-2019,45,54526
03-09-2019,54,54580
04-09-2019,49,54629
05-09-2019,37,54666
06-09-2019,34,54700
07-09-2019,24,54724
08-09-2019,50,54774
09-09-2019,41,54815
10-09-2019,41,54856
11-09-2019,44,54900
12-09-2019,18,54918
13-09-2019,20,54938
14-09-2019,31,54969
15-09-2019,51,55020
16-09-2019,38,55058
17-09-2019,48,55106
18-09-2019,39,55145
19-09-2019,27,55172
20-09-2019,17,55189
21-09-2019,18,55207
22-09-2019,34,55241
23-09-2019,43,55284
24-09-2019,42,55326
25-09-2019,46,55372
26-09-2019,56,55428
27-09-2019,24,55452
28-09-2019,37,55489
29-09-2019,42,55531
30-09-2019,28,55559
01-10-2019,30,55589
02-10-2019,30,55619
03-10-2019,28,55647
04-10-2019,14,55661
05-10-2019,23,55684
06-10-2019,24,55708
07-10-2019,35,55743
08-10-2019,44,55787
09-10-2019,36,55823
10-10-2019,43,55866
11-10-2019,34,55900
12-10-2019,33,55933
13-10-2019,38,55971
14-10-2019,31,56002
15-10-2019,46,56048
16-10-2019,51,56099
17-10-2019,46,56145
18-10-2019,17,56162
19-10-2019,26,56188
20-10-2019,39,56227
21-10-2019,51,56278
22-10-2019,57,56335
23-10-2019,51,56386
24-10-2019,41,56427
25-10-2019,22,56449
26-10-2019,26,56475
27-10-2019,43,56518
28-10-2019,45,56563
29-10-2019,41,56604
30-10-2019,37,56641
31-10-2019,35,56676
01-11-2019,19,56695
02-11-2019,20,56715
03-11-2019,42,56757
04-11-2019,40,56797
05-11-2019,29,56826
06-11-2019,43,56869
07-11-2019,41,56910
08-11-2019,22,56932
09-11-2019,19,56951
10-11-2019,46,56997
11-11-2019,40,57037
12-11-2019,45,57082
13-11-2019,57,57139
14-11-2019,56,57195
15-11-2019,18,57213
16-11-2019,28,57241
17-11-2019,41,57282
18-11-2019,58,57340
19-11-2019,42,57382
20-11-2019,37,57419
21-11-2019,41,57460
22-11-2019,28,57488
23-11-2019,21,57509
24-11-2019,34,57543
25-11-2019,41,57584
26-11-2019,47,57631
27-11-2019,38,57669
28-11-2019,43,57712
29-11-2019,24,57736
30-11-2019,29,57765
01-12-2019,54,57819
02-12-2019,46,57865
03-12-2019,42,57907
04-12-2019,40,57947
05-12-2019,51,57998
06-12-2019,22,58020
07-12-2019,26,58046
08-12-2019,42,58088
09-12-2019,46,58134
10-12-2019,60,58194
11-12-2019,46,58240
12-12-2019,50,58290
13-12-2019,26,58316
14-12-2019,22,58338
15-12-2019,37,58375
16-12-2019,54,58429
17-12-2019,35,58464
18-12-2019,44,58508
19-12-2019,35,58543
20-12-2019,14,58557
21-12-2019,17,58574
22-12-2019,29,58603
23-12-2019,38,58641
24-12-2019,62,58703
25-12-2019,78,58781
26-12-2019,40,58821
27-12-2019,15,58836
28-12-2019,35,58871
29-12-2019,53,58924
30-12-2019,28,58952
31-12-2019,22,58974
01-01-2020,57,59031
02-01-2020,31,59062
03-01-2020,28,59090
04-01-2020,21,59111
05-01-2020,37,59148
06-01-2020,73,59221
07-01-2020,44,59265
08-01-2020,34,59299
09-01-2020,42,59341
10-01-2020,19,59360
11-01-2020,13,59373
12-01-2020,39,59412
13-01-2020,48,59460
14-01-2020,51,59511
15-01-2020,39,59550
16-01-2020,41,59591
17-01-2020,26,59617
18-01-2020,32,59649
19-01-2020,28,59677
20-01-2020,33,59710
21-01-2020,31,59741
22-01-2020,29,59770
23-01-2020,19,59789
24-01-2020,12,59801
25-01-2020,17,59818
26-01-2020,28,59846
27-01-2020,26,59872
28-01-2020,28,59900
29-01-2020,29,59929
30-01-2020,33,59962
31-01-2020,20,59982
01-02-2020,23,60005
02-02-2020,33,60038
03-02-2020,32,60070
04-02-2020,33,60103
05-02-2020,24,60127
06-02-2020,25,60152
07-02-2020,20,60172
08-02-2020,23,60195
09-02-2020,30,60225
10-02-2020,25,60250
11-02-2020,34,60284
12-02-2020,47,60331
13-02-2020,48,60379
14-02-2020,29,60408
15-02-2020,23,60431
16-02-2020,33,60464
17-02-2020,32,60496
18-02-2020,30,60526
19-02-2020,29,60555
20-02-2020,20,60575
21-02-2020,27,60602
22-02-2020,19,60621
23-02-2020,37,60658
24-02-2020,35,60693
25-02-2020,43,60736
26-02-2020,48,60784
27-02-2020,25,60809
28-02-2020,24,60833
29-02-2020,23,60856
01-03-2020,31,60887
02-03-2020,30,60917
03-03-2020,28,60945
04-03-2020,34,60979
05-03-2020,41,61020
06-03-2020,27,61047
07-03-2020,19,61066
08-03-2020,25,61091
09-03-2020,39,61130
10-03-2020,30,61160
11-03-2020,24,61184
12-03-2020,27,61211
13-03-2020,21,61232
14-03-2020,28,61260
15-03-2020,25,61285
16-03-2020,36,61321
17-03-2020,36,61357
18-03-2020,39,61396
19-03-2020,19,61415
20-03-2020,32,61447
21-03-2020,24,61471
22-03-2020,39,61510
23-03-2020,41,61551
24-03-2020,37,61588
25-03-2020,50,61638
26-03-2020,34,61672
27-03-2020,28,61700
28-03-2020,30,61730
29-03-2020,36,61766
30-03-2020,24,61790
31-03-2020,35,61825
01-04-2020,32,61857
02-04-2020,32,61889
03-04-2020,24,61913
04-04-2020,25,61938
05-04-2020,32,61970
06-04-2020,38,62008
07-04-2020,51,62059
08-04-2020,37,62096
09-04-2020,34,62130
10-04-2020,22,62152
11-04-2020,22,62174
12-04-2020,36,62210
13-04-2020,33,62243
14-04-2020,38,62281
15-04-2020,31,62312
16-04-2020,36,62348
17-04-2020,24,62372
18-04-2020,27,62399
19-04-2020,51,62450
20-04-2020,35,62485
21-04-2020,52,62537
22-04-2020,49,62586
23-04-2020,42,62628
24-04-2020,25,62653
25-04-2020,37,62690
26-04-2020,36,62726
27-04-2020,48,62774
28-04-2020,42,62816
29-04-2020,49,62865
30-04-2020,26,62891
01-05-2020,33,62924
02-05-2020,27,62951
03-05-2020,23,62974
04-05-2020,30,63004
05-05-2020,31,63035
06-05-2020,31,63066
07-05-2020,28,63094
08-05-2020,34,63128
09-05-2020,19,63147
10-05-2020,27,63174
11-05-2020,35,63209
12-05-2020,45,63254
13-05-2020,39,63293
14-05-2020,37,63330
15-05-2020,33,63363
16-05-2020,26,63389
17-05-2020,27,63416
18-05-2020,39,63455
19-05-2020,40,63495
20-05-2020,41,63536
21-05-2020,32,63568
22-05-2020,24,63592
23-05-2020,21,63613
24-05-2020,38,63651
25-05-2020,40,63691
26-05-2020,46,63737
27-05-2020,49,63786
28-05-2020,44,63830
29-05-2020,31,63861
30-05-2020,20,63881
31-05-2020,37,63918
01-06-2020,29,63947
02-06-2020,35,63982
03-06-2020,39,64021
04-06-2020,39,64060
05-06-2020,23,64083
06-06-2020,27,64110
07-06-2020,53,64163
08-06-2020,46,64209
09-06-2020,51,64260
10-06-2020,34,64294
11-06-2020,36,64330
12-06-2020,22,64352
13-06-2020,21,64373
14-06-2020,39,64412
15-06-2020,53,64465
16-06-2020,49,64514
17-06-2020,37,64551
18-06-2020,27,64578
19-06-2020,21,64599
20-06-2020,20,64619
21-06-2020,43,64662
22-06-2020,30,64692
23-06-2020,46,64738
24-06-2020,28,64766
25-06-2020,32,64798
26-06-2020,25,64823
27-06-2020,31,64854
28-06-2020,34,64888
29-06-2020,43,64931
30-06-2020,38,64969
01-07-2020,44,65013
02-07-2020,43,65056
03-07-2020,34,65090
04-07-2020,27,65117
05-07-2020,37,65154
06-07-2020,42,65196
07-07-2020,48,65244
08-07-2020,41,65285
09-07-2020,43,65328
10-07-2020,25,65353
11-07-2020,17,65370
12-07-2020,20,65390
13-07-2020,36,65426
14-07-2020,50,65476
15-07-2020,46,65522
16-07-2020,31,65553
17-07-2020,23,65576
18-07-2020,29,65605
19-07-2020,36,65641
20-07-2020,53,65694
21-07-2020,41,65735
22-07-2020,39,65774
23-07-2020,34,65808
24-07-2020,15,65823
25-07-2020,22,65845
26-07-2020,37,65882
27-07-2020,39,65921
28-07-2020,39,65960
29-07-2020,34,65994
30-07-2020,31,66025
31-07-2020,16,66041
01-08-2020,21,66062
02-08-2020,35,66097
03-08-2020,35,66132
04-08-2020,42,66174
05-08-2020,36,66210
06-08-2020,38,66248
07-08-2020,20,66268
08-08-2020,21,66289
09-08-2020,29,66318
10-08-2020,37,66355
11-08-2020,33,66388
12-08-2020,29,66417
13-08-2020,27,66444
14-08-2020,19,66463
15-08-2020,21,66484
16-08-2020,20,66504
17-08-2020,31,66535
18-08-2020,41,66576
19-08-2020,39,66615
20-08-2020,41,66656
21-08-2020,27,66683
22-08-2020,19,66702
23-08-2020,43,66745
24-08-2020,34,66779
25-08-2020,55,66834
26-08-2020,52,66886
27-08-2020,30,66916
28-08-2020,26,66942
29-08-2020,26,66968
30-08-2020,36,67004
31-08-2020,44,67048
01-09-2020,36,67084
02-09-2020,35,67119
03-09-2020,40,67159
04-09-2020,22,67181
05-09-2020,24,67205
06-09-2020,33,67238
07-09-2020,31,67269
08-09-2020,29,67298
09-09-2020,29,67327
10-09-2020,45,67372
11-09-2020,15,67387
12-09-2020,24,67411
13-09-2020,29,67440
14-09-2020,36,67476
15-09-2020,35,67511
16-09-2020,43,67554
17-09-2020,34,67588
18-09-2020,11,67599
19-09-2020,22,67621
20-09-2020,28,67649
21-09-2020,39,67688
22-09-2020,30,67718
23-09-2020,33,67751
24-09-2020,36,67787
25-09-2020,17,67804
26-09-2020,34,67838
27-09-2020,33,67871
28-09-2020,36,67907
29-09-2020,29,67936
30-09-2020,31,67967
01-10-2020,19,67986
02-10-2020,17,68003
03-10-2020,19,68022
04-10-2020,18,68040
05-10-2020,29,68069
06-10-2020,22,68091
07-10-2020,23,68114
08-10-2020,28,68142
09-10-2020,28,68170
10-10-2020,27,68197
11-10-2020,28,68225
12-10-2020,35,68260
13-10-2020,29,68289
14-10-2020,31,68320
15-10-2020,41,68361
16-10-2020,19,68380
17-10-2020,17,68397
18-10-2020,21,68418
19-10-2020,38,68456
20-10-2020,30,68486
21-10-2020,40,68526
22-10-2020,28,68554
23-10-2020,19,68573
24-10-2020,23,68596
25-10-2020,48,68644
26-10-2020,38,68682
27-10-2020,31,68713
28-10-2020,33,68746
29-10-2020,41,68787
30-10-2020,13,68800
31-10-2020,20,68820
01-11-2020,37,68857
02-11-2020,25,68882
03-11-2020,20,68902
04-11-2020,33,68935
05-11-2020,24,68959
06-11-2020,14,68973
07-11-2020,16,68989
08-11-2020,37,69026
09-11-2020,34,69060
10-11-2020,23,69083
11-11-2020,26,69109
12-11-2020,30,69139
13-11-2020,20,69159
14-11-2020,13,69172
15-11-2020,44,69216
16-11-2020,38,69254
17-11-2020,28,69282
18-11-2020,37,69319
19-11-2020,42,69361
20-11-2020,20,69381
21-11-2020,17,69398
22-11-2020,29,69427
23-11-2020,34,69461
24-11-2020,30,69491
25-11-2020,34,69525
26-11-2020,27,69552
27-11-2020,21,69573
28-11-2020,20,69593
29-11-2020,34,69627
30-11-2020,36,69663
01-12-2020,54,69717
02-12-2020,118,69835
03-12-2020,76,69911
04-12-2020,36,69947
05-12-2020,26,69973
06-12-2020,32,70005
07-12-2020,50,70055
08-12-2020,53,70108
09-12-2020,35,70143
10-12-2020,41,70184
11-12-2020,30,70214
12-12-2020,20,70234
13-12-2020,38,70272
14-12-2020,31,70303
15-12-2020,28,70331
16-12-2020,40,70371
17-12-2020,30,70401
18-12-2020,17,70418
19-12-2020,23,70441
20-12-2020,29,70470
21-12-2020,32,70502
22-12-2020,37,70539
23-12-2020,30,70569
24-12-2020,22,70591
25-12-2020,26,70617
26-12-2020,22,70639
27-12-2020,36,70675
28-12-2020,37,70712
29-12-2020,28,70740
30-12-2020,27,70767
31-12-2020,15,70782
01-01-2021,9,70791
02-01-2021,14,70805
03-01-2021,31,70836
04-01-2021,29,70865
05-01-2021,26,70891
06-01-2021,34,70925
07-01-2021,29,70954
08-01-2021,17,70971
09-01-2021,20,70991
10-01-2021,37,71028
11-01-2021,38,71066
12-01-2021,34,71100
13-01-2021,29,71129
14-01-2021,27,71156
15-01-2021,13,71169
16-01-2021,15,71184
17-01-2021,31,71215
18-01-2021,31,71246
19-01-2021,27,71273
20-01-2021,38,71311
21-01-2021,31,71342
22-01-2021,18,71360
23-01-2021,20,71380
24-01-2021,46,71426
25-01-2021,38,71464
26-01-2021,37,71501
27-01-2021,35,71536
28-01-2021,24,71560
29-01-2021,22,71582
30-01-2021,21,71603
31-01-2021,29,71632
01-02-2021,43,71675
02-02-2021,31,71706
03-02-2021,44,71750
04-02-2021,27,71777
05-02-2021,15,71792
06-02-2021,29,71821
07-02-2021,26,71847
08-02-2021,28,71875
09-02-2021,25,71900
10-02-2021,24,71924
11-02-2021,19,71943
12-02-2021,19,71962
13-02-2021,19,71981
14-02-2021,23,72004
15-02-2021,23,72027
16-02-2021,22,72049
17-02-2021,26,72075
18-02-2021,29,72104
19-02-2021,24,72128
20-02-2021,27,72155
21-02-2021,37,72192
22-02-2021,29,72221
23-02-2021,37,72258
24-02-2021,38,72296
25-02-2021,49,72345
26-02-2021,22,72367
27-02-2021,21,72388
28-02-2021,29,72417
01-03-2021,46,72463
02-03-2021,37,72500
03-03-2021,39,72539
04-03-2021,34,72573
05-03-2021,30,72603
06-03-2021,29,72632
07-03-2021,44,72676
08-03-2021,40,72716
09-03-2021,48,72764
10-03-2021,39,72803
11-03-2021,32,72835
12-03-2021,27,72862
13-03-2021,23,72885
14-03-2021,37,72922
15-03-2021,37,72959
16-03-2021,27,72986
17-03-2021,43,73029
18-03-2021,30,73059
19-03-2021,29,73088
20-03-2021,22,73110
21-03-2021,40,73150
22-03-2021,32,73182
23-03-2021,40,73222
24-03-2021,30,73252
25-03-2021,37,73289
26-03-2021,20,73309
27-03-2021,28,73337
28-03-2021,35,73372
29-03-2021,37,73409
30-03-2021,38,73447
31-03-2021,31,73478
01-04-2021,37,73515
02-04-2021,11,73526
03-04-2021,15,73541
04-04-2021,23,73564
05-04-2021,33,73597
06-04-2021,37,73634
07-04-2021,42,73676
08-04-2021,33,73709
09-04-2021,24,73733
10-04-2021,23,73756
11-04-2021,33,73789
12-04-2021,36,73825
13-04-2021,48,73873
14-04-2021,102,73975
15-04-2021,96,74071
16-04-2021,21,74092
17-04-2021,19,74111
18-04-2021,27,74138
19-04-2021,37,74175
20-04-2021,35,74210
21-04-2021,30,74240
22-04-2021,30,74270
23-04-2021,18,74288
24-04-2021,38,74326
25-04-2021,35,74361
26-04-2021,47,74408
27-04-2021,28,74436
28-04-2021,33,74469
29-04-2021,31,74500
30-04-2021,16,74516
01-05-2021,19,74535
02-05-2021,26,74561
03-05-2021,19,74580
04-05-2021,31,74611
05-05-2021,32,74643
06-05-2021,30,74673
07-05-2021,23,74696
08-05-2021,14,74710
09-05-2021,33,74743
10-05-2021,39,74782
11-05-2021,49,74831
12-05-2021,43,74874
13-05-2021,29,74903
14-05-2021,29,74932
15-05-2021,26,74958
16-05-2021,43,75001
17-05-2021,44,75045
18-05-2021,30,75075
19-05-2021,33,75108
20-05-2021,38,75146
21-05-2021,21,75167
22-05-2021,23,75190
23-05-2021,33,75223
24-05-2021,26,75249
25-05-2021,36,75285
26-05-2021,31,75316
27-05-2021,36,75352
28-05-2021,21,75373
29-05-2021,18,75391
30-05-2021,27,75418
31-05-2021,36,75454
01-06-2021,30,75484
02-06-2021,30,75514
03-06-2021,34,75548
04-06-2021,22,75570
05-06-2021,27,75597
06-06-2021,34,75631
07-06-2021,30,75661
08-06-2021,35,75696
09-06-2021,35,75731
10-06-2021,31,75762
11-06-2021,16,75778
12-06-2021,17,75795
13-06-2021,30,75825
14-06-2021,29,75854
15-06-2021,31,75885
16-06-2021,36,75921
17-06-2021,100,76021
18-06-2021,65,76086
19-06-2021,17,76103
20-06-2021,25,76128
21-06-2021,28,76156
22-06-2021,35,76191
23-06-2021,37,76228
24-06-2021,30,76258
25-06-2021,18,76276
26-06-2021,29,76305
27-06-2021,46,76351
28-06-2021,30,76381
29-06-2021,31,76412
30-06-2021,36,76448
01-07-2021,22,76470
02-07-2021,23,76493
03-07-2021,31,76524
04-07-2021,35,76559
05-07-2021,37,76596
06-07-2021,42,76638
07-07-2021,24,76662
08-07-2021,21,76683
09-07-2021,18,76701
10-07-2021,17,76718
11-07-2021,35,76753
12-07-2021,25,76778
13-07-2021,42,76820
14-07-2021,33,76853
15-07-2021,31,76884
16-07-2021,17,76901
17-07-2021,14,76915
18-07-2021,34,76949
19-07-2021,37,76986
20-07-2021,41,77027
21-07-2021,38,77065
22-07-2021,28,77093
23-07-2021,16,77109
24-07-2021,18,77127
25-07-2021,28,77155
26-07-2021,37,77192
27-07-2021,36,77228
28-07-2021,33,77261
29-07-2021,34,77295
30-07-2021,23,77318
31-07-2021,20,77338
01-08-2021,26,77364
02-08-2021,35,77399
03-08-2021,42,77441
04-08-2021,32,77473
05-08-2021,18,77491
06-08-2021,15,77506
07-08-2021,19,77525
08-08-2021,39,77564
09-08-2021,111,77675
10-08-2021,94,77769
11-08-2021,33,77802
12-08-2021,35,77837
13-08-2021,17,77854
14-08-2021,21,77875
15-08-2021,29,77904
16-08-2021,35,77939
17-08-2021,31,77970
18-08-2021,38,78008
19-08-2021,34,78042
20-08-2021,22,78064
21-08-2021,18,78082
22-08-2021,33,78115
23-08-2021,35,78150
24-08-2021,39,78189
25-08-2021,36,78225
26-08-2021,37,78262
27-08-2021,20,78282
28-08-2021,24,78306
29-08-2021,25,78331
30-08-2021,24,78355
31-08-2021,43,78398
01-09-2021,31,78429
02-09-2021,41,78470
03-09-2021,19,78489
04-09-2021,30,78519
05-09-2021,37,78556
06-09-2021,29,78585
07-09-2021,29,78614
08-09-2021,50,78664
09-09-2021,38,78702
10-09-2021,29,78731
11-09-2021,19,78750
12-09-2021,23,78773
13-09-2021,33,78806
14-09-2021,34,78840
15-09-2021,29,78869
16-09-2021,35,78904
17-09-2021,41,78945
18-09-2021,19,78964
19-09-2021,18,78982
20-09-2021,32,79014
21-09-2021,36,79050
22-09-2021,43,79093
23-09-2021,30,79123
24-09-2021,26,79149
25-09-2021,30,79179
26-09-2021,30,79209
27-09-2021,36,79245
28-09-2021,42,79287
29-09-2021,42,79329
30-09-2021,32,79361
01-10-2021,17,79378
02-10-2021,16,79394
03-10-2021,18,79412
04-10-2021,26,79438
05-10-2021,27,79465
06-10-2021,28,79493
07-10-2021,21,79514
08-10-2021,22,79536
09-10-2021,17,79553
10-10-2021,26,79579
11-10-2021,45,79624
12-10-2021,31,79655
13-10-2021,35,79690
14-10-2021,36,79726
15-10-2021,25,79751
16-10-2021,22,79773
17-10-2021,31,79804
18-10-2021,46,79850
19-10-2021,25,79875
20-10-2021,37,79912
21-10-2021,41,79953
22-10-2021,34,79987
23-10-2021,23,80010
24-10-2021,30,80040
25-10-2021,36,80076
26-10-2021,27,80103
27-10-2021,33,80136
28-10-2021,27,80163
29-10-2021,18,80181
30-10-2021,16,80197
31-10-2021,33,80230
01-11-2021,29,80259
02-11-2021,36,80295
03-11-2021,40,80335
04-11-2021,32,80367
05-11-2021,19,80386
06-11-2021,22,80408
07-11-2021,36,80444
08-11-2021,35,80479
09-11-2021,47,80526
10-11-2021,44,80570
11-11-2021,30,80600
12-11-2021,27,80627
13-11-2021,20,80647
14-11-2021,29,80676
15-11-2021,34,80710
16-11-2021,41,80751
17-11-2021,37,80788
18-11-2021,30,80818
19-11-2021,19,80837
20-11-2021,29,80866
21-11-2021,31,80897
22-11-2021,28,80925
23-11-2021,39,80964
24-11-2021,44,81008
25-11-2021,40,81048
26-11-2021,24,81072
27-11-2021,19,81091
28-11-2021,35,81126
29-11-2021,30,81156
30-11-2021,35,81191
01-12-2021,32,81223
02-12-2021,25,81248
03-12-2021,20,81268
04-12-2021,25,81293
05-12-2021,33,81326
06-12-2021,40,81366
07-12-2021,36,81402
08-12-2021,46,81448
09-12-2021,44,81492
10-12-2021,52,81544
11-12-2021,25,81569
12-12-2021,28,81597
13-12-2021,31,81628
14-12-2021,34,81662
15-12-2021,31,81693
16-12-2021,30,81723
17-12-2021,26,81749
18-12-2021,19,81768
19-12-2021,35,81803
20-12-2021,32,81835
21-12-2021,39,81874
22-12-2021,26,81900
23-12-2021,27,81927
24-12-2021,22,81949
25-12-2021,25,81974
26-12-2021,27,82001
27-12-2021,29,82030
28-12-2021,40,82070
29-12-2021,30,82100
30-12-2021,35,82135
31-12-2021,19,82154
01-01-2022,33,82187
02-01-2022,16,82203
03-01-2022,35,82238
04-01-2022,30,82268
05-01-2022,39,82307
06-01-2022,35,82342
07-01-2022,30,82372
08-01-2022,31,82403
09-01-2022,37,82440
10-01-2022,40,82480
11-01-2022,37,82517
12-01-2022,44,82561
13-01-2022,48,82609
14-01-2022,17,82626
15-01-2022,21,82647
16-01-2022,41,82688
17-01-2022,31,82719
18-01-2022,34,82753
19-01-2022,34,82787
20-01-2022,33,82820
21-01-2022,32,82852
22-01-2022,34,82886
23-01-2022,50,82936
24-01-2022,32,82968
25-01-2022,54,83022
26-01-2022,49,83071
27-01-2022,48,83119
28-01-2022,39,83158
29-01-2022,23,83181
30-01-2022,24,83205
31-01-2022,32,83237
01-02-2022,29,83266
02-02-2022,37,83303
03-02-2022,35,83338
04-02-2022,22,83360
05-02-2022,25,83385
06-02-2022,38,83423
07-02-2022,47,83470
08-02-2022,31,83501
09-02-2022,38,83539
10-02-2022,35,83574
11-02-2022,32,83606
12-02-2022,31,83637
13-02-2022,34,83671
14-02-2022,43,83714
15-02-2022,39,83753
16-02-2022,61,83814
17-02-2022,54,83868
18-02-2022,30,83898
19-02-2022,22,83920
20-02-2022,46,83966
21-02-2022,39,84005
22-02-2022,37,84042
23-02-2022,25,84067
24-02-2022,34,84101
25-02-2022,18,84119
26-02-2022,33,84152
27-02-2022,30,84182
28-02-2022,33,84215
01-03-2022,35,84250
02-03-2022,36,84286
03-03-2022,41,84327
04-03-2022,23,84350
05-03-2022,30,84380
06-03-2022,30,84410
07-03-2022,38,84448
08-03-2022,90,84538
09-03-2022,84,84622
10-03-2022,31,84653
11-03-2022,31,84684
12-03-2022,29,84713
13-03-2022,36,84749
14-03-2022,37,84786
15-03-2022,30,84816
16-03-2022,38,84854
17-03-2022,30,84884
18-03-2022,20,84904
19-03-2022,20,84924
20-03-2022,30,84954
21-03-2022,36,84990
22-03-2022,39,85029
23-03-2022,36,85065
24-03-2022,30,85095
25-03-2022,43,85138
26-03-2022,19,85157
27-03-2022,35,85192
28-03-2022,44,85236
29-03-2022,50,85286
30-03-2022,31,85317
31-03-2022,31,85348
01-04-2022,35,85383
02-04-2022,14,85397
03-04-2022,27,85424
04-04-2022,22,85446
05-04-2022,47,85493
06-04-2022,33,85526
07-04-2022,44,85570
08-04-2022,24,85594
09-04-2022,29,85623
10-04-2022,35,85658
11-04-2022,44,85702
12-04-2022,81,85783
13-04-2022,73,85856
14-04-2022,41,85897
15-04-2022,23,85920
16-04-2022,23,85943
17-04-2022,41,85984
18-04-2022,40,86024
19-04-2022,37,86061
20-04-2022,33,86094
21-04-2022,33,86127
22-04-2022,20,86147
23-04-2022,23,86170
24-04-2022,41,86211
25-04-2022,38,86249
26-04-2022,43,86292
27-04-2022,32,86324
28-04-2022,30,86354
29-04-2022,22,86376
30-04-2022,23,86399
01-05-2022,28,86427
02-05-2022,27,86454
03-05-2022,27,86481
04-05-2022,35,86516
05-05-2022,38,86554
06-05-2022,32,86586
07-05-2022,27,86613
08-05-2022,38,86651
09-05-2022,29,86680
10-05-2022,44,86724
11-05-2022,45,86769
12-05-2022,33,86802
13-05-2022,29,86831
14-05-2022,28,86859
15-05-2022,23,86882
16-05-2022,37,86919
17-05-2022,36,86955
18-05-2022,32,86987
19-05-2022,36,87023
20-05-2022,45,87068
21-05-2022,18,87086
22-05-2022,38,87124
23-05-2022,43,87167
24-05-2022,23,87190
25-05-2022,29,87219
26-05-2022,32,87251
27-05-2022,26,87277
28-05-2022,27,87304
29-05-2022,44,87348
30-05-2022,40,87388
31-05-2022,46,87434
01-06-2022,41,87475
02-06-2022,33,87508
03-06-2022,22,87530
04-06-2022,23,87553
05-06-2022,22,87575
06-06-2022,42,87617
07-06-2022,36,87653
08-06-2022,41,87694
09-06-2022,22,87716
10-06-2022,24,87740
11-06-2022,22,87762
12-06-2022,29,87791
13-06-2022,24,87815
14-06-2022,32,87847
15-06-2022,25,87872
16-06-2022,26,87898
17-06-2022,24,87922
18-06-2022,18,87940
19-06-2022,29,87969
20-06-2022,31,88000
21-06-2022,37,88037
22-06-2022,43,88080
23-06-2022,36,88116
24-06-2022,26,88142
25-06-2022,21,88163
26-06-2022,43,88206
27-06-2022,35,88241
28-06-2022,46,88287
29-06-2022,48,88335
30-06-2022,37,88372
01-07-2022,29,88401
02-07-2022,30,88431
03-07-2022,28,88459
04-07-2022,38,88497
05-07-2022,31,88528
06-07-2022,39,88567
07-07-2022,33,88600
08-07-2022,19,88619
09-07-2022,23,88642
10-07-2022,43,88685
11-07-2022,37,88722
12-07-2022,36,88758
13-07-2022,39,88797
14-07-2022,34,88831
15-07-2022,20,88851
16-07-2022,19,88870
17-07-2022,29,88899
18-07-2022,49,88948
19-07-2022,35,88983
20-07-2022,28,89011
21-07-2022,36,89047
22-07-2022,31,89078
23-07-2022,24,89102
24-07-2022,41,89143
25-07-2022,34,89177
26-07-2022,36,89213
27-07-2022,52,89265
28-07-2022,38,89303
29-07-2022,26,89329
30-07-2022,27,89356
31-07-2022,26,89382
01-08-2022,32,89414
02-08-2022,35,89449
03-08-2022,36,89485
04-08-2022,41,89526
05-08-2022,25,89551
06-08-2022,24,89575
07-08-2022,24,89599
08-08-2022,41,89640
09-08-2022,40,89680
10-08-2022,37,89717
11-08-2022,36,89753
12-08-2022,20,89773
13-08-2022,25,89798
14-08-2022,29,89827
15-08-2022,46,89873
16-08-2022,27,89900
17-08-2022,47,89947
18-08-2022,34,89981
19-08-2022,35,90016
20-08-2022,22,90038
21-08-2022,36,90074
22-08-2022,33,90107
23-08-2022,34,90141
24-08-2022,42,90183
25-08-2022,40,90223
26-08-2022,23,90246
27-08-2022,23,90269
28-08-2022,37,90306
29-08-2022,21,90327
30-08-2022,33,90360
31-08-2022,39,90399
01-09-2022,28,90427
02-09-2022,27,90454
03-09-2022,29,90483
04-09-2022,28,90511
05-09-2022,41,90552
06-09-2022,35,90587
07-09-2022,31,90618
08-09-2022,34,90652
09-09-2022,22,90674
10-09-2022,14,90688
11-09-2022,21,90709
12-09-2022,37,90746
13-09-2022,35,90781
14-09-2022,45,90826
15-09-2022,33,90859
16-09-2022,20,90879
17-09-2022,30,90909
18-09-2022,30,90939
19-09-2022,40,90979
20-09-2022,35,91014
21-09-2022,39,91053
22-09-2022,38,91091
23-09-2022,21,91112
24-09-2022,19,91131
25-09-2022,26,91157
26-09-2022,38,91195
27-09-2022,32,91227
28-09-2022,33,91260
29-09-2022,30,91290
30-09-2022,16,91306
01-10-2022,28,91334
02-10-2022,23,91357
03-10-2022,19,91376
04-10-2022,36,91412
05-10-2022,34,91446
06-10-2022,27,91473
07-10-2022,24,91497
08-10-2022,27,91524
09-10-2022,39,91563
10-10-2022,37,91600
11-10-2022,29,91629
12-10-2022,45,91674
13-10-2022,39,91713
14-10-2022,25,91738
15-10-2022,19,91757
16-10-2022,25,91782
17-10-2022,37,91819
18-10-2022,42,91861
19-10-2022,27,91888
20-10-2022,25,91913
21-10-2022,24,91937
22-10-2022,29,91966
23-10-2022,21,91987
24-10-2022,43,92030
25-10-2022,26,92056
26-10-2022,31,92087
27-10-2022,30,92117
28-10-2022,18,92135
29-10-2022,31,92166
30-10-2022,39,92205
31-10-2022,25,92230
01-11-2022,39,92269
02-11-2022,40,92309
03-11-2022,34,92343
04-11-2022,20,92363
05-11-2022,28,92391
06-11-2022,32,92423
07-11-2022,38,92461
08-11-2022,32,92493
09-11-2022,33,92526
10-11-2022,40,92566
11-11-2022,24,92590
12-11-2022,12,92602
13-11-2022,29,92631
14-11-2022,38,92669
15-11-2022,35,92704
16-11-2022,34,92738
17-11-2022,29,92767
18-11-2022,22,92789
19-11-2022,29,92818
20-11-2022,24,92842
21-11-2022,30,92872
22-11-2022,28,92900
23-11-2022,18,92918
24-11-2022,35,92953
25-11-2022,24,92977
26-11-2022,23,93000
27-11-2022,28,93028
28-11-2022,31,93059
29-11-2022,35,93094
30-11-2022,15,93109
01-12-2022,37,93146
02-12-2022,27,93173
03-12-2022,16,93189
04-12-2022,25,93214
05-12-2022,22,93236
06-12-2022,21,93257
07-12-2022,30,93287
08-12-2022,29,93316
09-12-2022,25,93341
10-12-2022,19,93360
11-12-2022,27,93387
12-12-2022,27,93414
13-12-2022,34,93448
14-12-2022,17,93465
15-12-2022,25,93490
16-12-2022,21,93511
17-12-2022,17,93528
18-12-2022,20,93548
19-12-2022,26,93574
20-12-2022,29,93603
21-12-2022,18,93621
22-12-2022,29,93650
23-12-2022,15,93665
24-12-2022,16,93681
25-12-2022,20,93701
26-12-2022,29,93730
27-12-2022,36,93766
28-12-2022,23,93789
29-12-2022,20,93809
30-12-2022,18,93827
31-12-2022,16,93843
01-01-2023,26,93869
02-01-2023,28,93897
03-01-2023,35,93932
04-01-2023,19,93951
05-01-2023,27,93978
06-01-2023,13,93991
07-01-2023,19,94010
08-01-2023,34,94044
09-01-2023,40,94084
10-01-2023,36,94120
11-01-2023,36,94156
12-01-2023,32,94188
13-01-2023,20,94208
14-01-2023,23,94231
15-01-2023,20,94251
16-01-2023,33,94284
17-01-2023,26,94310
18-01-2023,23,94333
19-01-2023,29,94362
20-01-2023,13,94375
21-01-2023,12,94387
22-01-2023,33,94420
23-01-2023,23,94443
24-01-2023,22,94465
25-01-2023,30,94495
26-01-2023,23,94518
27-01-2023,19,94537
28-01-2023,18,94555
29-01-2023,28,94583
30-01-2023,30,94613
31-01-2023,32,94645
01-02-2023,33,94678
02-02-2023,38,94716
03-02-2023,19,94735
04-02-2023,13,94748
05-02-2023,36,94784
06-02-2023,28,94812
07-02-2023,29,94841
08-02-2023,31,94872
09-02-2023,31,94903
10-02-2023,21,94924
11-02-2023,24,94948
12-02-2023,18,94966
13-02-2023,38,95004
14-02-2023,27,95031
15-02-2023,36,95067
16-02-2023,35,95102
17-02-2023,20,95122
18-02-2023,16,95138
19-02-2023,25,95163
20-02-2023,39,95202
21-02-2023,39,95241
22-02-2023,48,95289
23-02-2023,44,95333
24-02-2023,21,95354
25-02-2023,31,95385
26-02-2023,38,95423
27-02-2023,39,95462
28-02-2023,40,95502
01-03-2023,42,95544
02-03-2023,32,95576
03-03-2023,27,95603
04-03-2023,21,95624
05-03-2023,20,95644
06-03-2023,30,95674
07-03-2023,30,95704
08-03-2023,28,95732
09-03-2023,27,95759
10-03-2023,27,95786
11-03-2023,16,95802
12-03-2023,27,95829
13-03-2023,38,95867
14-03-2023,38,95905
15-03-2023,33,95938
16-03-2023,35,95973
17-03-2023,26,95999
18-03-2023,27,96026
19-03-2023,34,96060
20-03-2023,29,96089
21-03-2023,26,96115
22-03-2023,26,96141
23-03-2023,20,96161
24-03-2023,14,96175
25-03-2023,22,96197
26-03-2023,22,96219
27-03-2023,37,96256
28-03-2023,25,96281
29-03-2023,31,96312
30-03-2023,32,96344
31-03-2023,35,96379
01-04-2023,25,96404
02-04-2023,43,96447
03-04-2023,49,96496
04-04-2023,45,96541
05-04-2023,29,96570
06-04-2023,30,96600
07-04-2023,21,96621
08-04-2023,26,96647
09-04-2023,35,96682
10-04-2023,35,96717
11-04-2023,41,96758
12-04-2023,37,96795
13-04-2023,47,96842
14-04-2023,24,96866
15-04-2023,28,96894
16-04-2023,37,96931
17-04-2023,37,96968
18-04-2023,40,97008
19-04-2023,43,97051
20-04-2023,36,97087
21-04-2023,24,97111
22-04-2023,24,97135
23-04-2023,38,97173
24-04-2023,40,97213
25-04-2023,42,97255
26-04-2023,50,97305
27-04-2023,34,97339
28-04-2023,12,97351
29-04-2023,23,97374
30-04-2023,24,97398
01-05-2023,21,97419
02-05-2023,24,97443
03-05-2023,27,97470
04-05-2023,18,97488
05-05-2023,32,97520
06-05-2023,15,97535
07-05-2023,30,97565
08-05-2023,43,97608
09-05-2023,47,97655
10-05-2023,30,97685
11-05-2023,40,97725
12-05-2023,20,97745
13-05-2023,26,97771
14-05-2023,33,97804
15-05-2023,40,97844
16-05-2023,44,97888
17-05-2023,35,97923
18-05-2023,40,97963
19-05-2023,20,97983
20-05-2023,32,98015
21-05-2023,36,98051
22-05-2023,34,98085
23-05-2023,46,98131
24-05-2023,44,98175
25-05-2023,25,98200
26-05-2023,23,98223
27-05-2023,16,98239
28-05-2023,34,98273
29-05-2023,31,98304
30-05-2023,32,98336
31-05-2023,36,98372
01-06-2023,41,98413
02-06-2023,25,98438
03-06-2023,18,98456
04-06-2023,23,98479
05-06-2023,38,98517
06-06-2023,52,98569
07-06-2023,39,98608
08-06-2023,31,98639
09-06-2023,21,98660
10-06-2023,20,98680
11-06-2023,34,98714
12-06-2023,28,98742
13-06-2023,37,98779
14-06-2023,30,98809
15-06-2023,31,98840
16-06-2023,16,98856
17-06-2023,19,98875
18-06-2023,34,98909
19-06-2023,35,98944
20-06-2023,42,98986
21-06-2023,38,99024
22-06-2023,19,99043
23-06-2023,20,99063
24-06-2023,23,99086
25-06-2023,32,99118
26-06-2023,26,99144
27-06-2023,31,99175
28-06-2023,40,99215
29-06-2023,40,99255
30-06-2023,28,99283
01-07-2023,21,99304
02-07-2023,35,99339
03-07-2023,32,99371
04-07-2023,31,99402
05-07-2023,40,99442
06-07-2023,34,99476
07-07-2023,20,99496
08-07-2023,20,99516
09-07-2023,44,99560
10-07-2023,60,99620
11-07-2023,50,99670
12-07-2023,78,99748
13-07-2023,65,99813
14-07-2023,27,99840
15-07-2023,14,99854
16-07-2023,27,99881
17-07-2023,36,99917
18-07-2023,31,99948
19-07-2023,34,99982
20-07-2023,21,100003
21-07-2023,19,100022
22-07-2023,23,100045
23-07-2023,35,100080
24-07-2023,26,100106
25-07-2023,31,100137
26-07-2023,34,100171
27-07-2023,38,100209
28-07-2023,15,100224
29-07-2023,19,100243
30-07-2023,23,100266
31-07-2023,30,100296
01-08-2023,36,100332
02-08-2023,30,100362
03-08-2023,36,100398
04-08-2023,26,100424
05-08-2023,22,100446
06-08-2023,35,100481
07-08-2023,34,100515
08-08-2023,36,100551
09-08-2023,40,100591
10-08-2023,29,100620
11-08-2023,19,100639
12-08-2023,25,100664
13-08-2023,24,100688
14-08-2023,29,100717
15-08-2023,32,100749
16-08-2023,29,100778
17-08-2023,31,100809
18-08-2023,29,100838
19-08-2023,18,100856
20-08-2023,30,100886
21-08-2023,38,100924
22-08-2023,28,100952
23-08-2023,28,100980
24-08-2023,16,100996
25-08-2023,16,101012
26-08-2023,24,101036
27-08-2023,31,101067
28-08-2023,37,101104
29-08-2023,29,101133
30-08-2023,28,101161
31-08-2023,26,101187
01-09-2023,19,101206
02-09-2023,22,101228
03-09-2023,32,101260
04-09-2023,46,101306
05-09-2023,50,101356
06-09-2023,35,101391
07-09-2023,31,101422
08-09-2023,22,101444
09-09-2023,19,101463
10-09-2023,39,101502
11-09-2023,39,101541
12-09-2023,31,101572
13-09-2023,21,101593
14-09-2023,40,101633
15-09-2023,36,101669
16-09-2023,26,101695
17-09-2023,36,101731
18-09-2023,34,101765
19-09-2023,27,101792
20-09-2023,13,101805
